{
    "ember.willow.boost": {
      "sounds": [
        "boost/ember.willow.boost"
      ],
      "category": "boost"
    },
    "freeze.breath": {
        "sounds": [
            "suit/freeze_breath"
        ],
        "category": "player"
    },
    "hero.landing": {
        "sounds": [
            "suit/hero_landing"
        ],
        "category": "player"
    },
    "heat.breath": {
        "sounds": [
            "suit/heat_breath"
        ],
        "category": "player"
    }
}